Division ID,Division,State,Ordinary Yes Votes,Ordinary Yes % of Formal,Ordinary No Votes,Ordinary No % of Formal,Ordinary Informal Votes,Ordinary Informal % of Total,Absent Yes Votes,Absent Yes % of Formal,Absent No Votes,Absent No % of Formal,Absent Informal Votes,Absent Informal % of Total,Provisional Yes Votes,Provisional Yes % of Formal,Provisional No Votes,Provisional No % of Formal,Provisional Informal Votes,Provisional Informal % of Total,Pre-Poll Yes Votes,Pre-Poll Yes % of Formal,Pre-Poll No Votes,Pre-Poll No % of Formal,Pre-Poll Informal Votes,Pre-Poll Informal % of Total,Postal Yes Votes,Postal Yes % of Formal,Postal No Votes,Postal No % of Formal,Postal Informal Votes,Postal Informal % of Total
179,Adelaide,SA,44215,50.41,43494,49.59,980,1.1,3946,53.62,3413,46.38,86,1.16,897,53.97,765,46.03,18,1.07,2514,55.34,2029,44.66,21,0.46,5655,38.41,9068,61.59,110,0.74
197,Aston,VIC,34646,42.53,46807,57.47,927,1.13,1960,51,1883,49,42,1.08,184,45.21,223,54.79,2,0.49,1776,45.09,2163,54.91,25,0.63,4635,35.57,8397,64.43,84,0.64
198,Ballarat,VIC,36411,42.15,49979,57.85,924,1.06,1670,53.46,1454,46.54,26,0.83,189,44.89,232,55.11,5,1.17,2144,45.59,2559,54.41,35,0.74,3527,36.35,6175,63.65,70,0.72
103,Banks,NSW,31297,38.84,49287,61.16,1199,1.47,1755,43.97,2236,56.03,55,1.36,263,45.34,317,54.66,8,1.36,1578,44.92,1935,55.08,37,1.04,3335,35.16,6150,64.84,58,0.61
180,Barker,SA,20600,21.62,74666,78.38,868,0.9,1182,34.55,2239,65.45,20,0.58,194,26.25,545,73.75,10,1.34,1045,27.25,2790,72.75,26,0.67,2138,18.33,9529,81.67,69,0.59
104,Barton,NSW,34112,44.02,43375,55.98,1282,1.63,3410,53.61,2951,46.39,77,1.2,413,49.4,423,50.6,11,1.3,2933,55.62,2340,44.38,33,0.62,3607,40.95,5201,59.05,37,0.42
192,Bass,TAS,22570,39.02,35278,60.98,662,1.13,902,40.52,1324,59.48,25,1.11,126,30.96,281,69.04,3,0.73,1091,46.6,1250,53.4,11,0.47,3058,31.87,6537,68.13,60,0.62
318,Bean,ACT,49487,56.41,38243,43.59,796,0.9,1334,64.76,726,35.24,20,0.96,350,57.76,256,42.24,8,1.3,2455,59.31,1684,40.69,18,0.43,3311,50.68,3222,49.32,44,0.67
200,Bendigo,VIC,35810,40.67,52233,59.33,888,1,1409,52.97,1251,47.03,27,1,156,45.09,190,54.91,6,1.7,1883,46.69,2150,53.31,18,0.44,3468,33.58,6860,66.42,65,0.63
105,Bennelong,NSW,41315,48.86,43246,51.14,1004,1.17,2663,56.37,2061,43.63,46,0.96,336,53.42,293,46.58,6,0.94,2240,53.07,1981,46.93,24,0.57,5120,41.95,7086,58.05,80,0.65
106,Berowra,NSW,38221,47.65,41983,52.35,755,0.93,2241,48.54,2376,51.46,55,1.18,264,49.25,272,50.75,4,0.74,1953,45.75,2316,54.25,27,0.63,3923,38.33,6313,61.67,29,0.28
304,Blair,QLD,26646,30.42,60938,69.58,846,0.96,1772,35.43,3230,64.57,30,0.6,490,36.24,862,63.76,11,0.81,1459,30.99,3249,69.01,33,0.7,4028,23.3,13256,76.7,220,1.26
107,Blaxland,NSW,27920,38.6,44407,61.4,2176,2.92,1902,39.53,2909,60.47,80,1.64,447,40.9,646,59.1,17,1.53,1276,43.76,1640,56.24,37,1.25,2931,32.65,6046,67.35,66,0.73
310,Bonner,QLD,30293,41.78,42210,58.22,595,0.81,2803,49.45,2865,50.55,45,0.79,308,45.63,367,54.37,6,0.88,1459,42.31,1989,57.69,24,0.69,5759,31.55,12492,68.45,88,0.48
182,Boothby,SA,44192,48.75,46464,51.25,949,1.04,3537,55.36,2852,44.64,62,0.96,508,55.34,410,44.66,9,0.97,2762,50.63,2693,49.37,36,0.66,5967,38.99,9337,61.01,97,0.63
155,Bowman,QLD,23103,28.55,57825,71.45,749,0.92,1362,39.3,2104,60.7,34,0.97,160,31.5,348,68.5,9,1.74,1569,31.61,3395,68.39,33,0.66,4088,23.06,13642,76.94,58,0.33
193,Braddon,TAS,18113,27.62,47473,72.38,779,1.17,482,36.05,855,63.95,10,0.74,81,30.11,188,69.89,5,1.82,822,36.36,1439,63.64,11,0.48,1661,25.49,4855,74.51,39,0.59
108,Bradfield,NSW,42274,52.12,38836,47.88,740,0.9,2706,60.07,1799,39.93,48,1.05,258,54.78,213,45.22,3,0.63,2241,58.82,1569,41.18,21,0.55,4776,45.99,5608,54.01,87,0.83
235,Brand,WA,26202,30.98,58362,69.02,810,0.95,1708,38.32,2749,61.68,40,0.89,278,38.61,442,61.39,11,1.5,1642,30.54,3735,69.46,27,0.5,2363,25.34,6964,74.66,49,0.52
156,Brisbane,QLD,46118,57.45,34152,42.55,603,0.75,5210,60.16,3450,39.84,71,0.81,719,63.01,422,36.99,9,0.78,3918,55.23,3176,44.77,27,0.38,7091,45.97,8333,54.03,56,0.36
201,Bruce,VIC,33152,43.13,43719,56.87,930,1.2,2813,50.85,2719,49.15,63,1.13,429,51.13,410,48.87,6,0.71,1303,43.3,1706,56.7,12,0.4,4704,34.47,8941,65.53,87,0.63
317,Burt,WA,25872,33.62,51079,66.38,733,0.94,2387,40.17,3555,59.83,43,0.72,366,39.65,557,60.35,3,0.32,1871,33.85,3656,66.15,30,0.54,2290,26.11,6479,73.89,54,0.61
109,Calare,NSW,28039,28.24,71252,71.76,1009,1.01,1156,38.87,1818,61.13,37,1.23,151,34.16,291,65.84,4,0.9,1493,37.85,2452,62.15,20,0.5,1685,26.59,4652,73.41,21,0.33
203,Calwell,VIC,30349,41.19,43326,58.81,1266,1.69,2192,45.09,2669,54.91,80,1.62,381,48.47,405,51.53,10,1.26,1245,40.67,1816,59.33,19,0.62,4470,31.94,9526,68.06,130,0.92
101,Canberra,ACT,53971,71.13,21910,28.87,528,0.69,1350,69.05,605,30.95,15,0.76,467,69.39,206,30.61,7,1.03,5000,75.39,1632,24.61,34,0.51,4506,61.24,2852,38.76,38,0.51
236,Canning,WA,19557,23.36,64147,76.64,715,0.85,1690,32.4,3526,67.6,54,1.02,198,26.33,554,73.67,11,1.44,1389,25.99,3955,74.01,25,0.47,2032,20.41,7922,79.59,78,0.78
157,Capricornia,QLD,15950,19.7,65001,80.3,592,0.73,841,22.9,2832,77.1,21,0.57,158,20.39,617,79.61,5,0.64,740,20.83,2813,79.17,10,0.28,1513,14.37,9017,85.63,38,0.36
204,Casey,VIC,36545,43.06,48325,56.94,945,1.1,2362,49.69,2391,50.31,56,1.16,284,42.64,382,57.36,8,1.19,1772,45.52,2121,54.48,25,0.64,4711,34.6,8903,65.4,80,0.58
111,Chifley,NSW,37283,41.05,53547,58.95,1429,1.55,2351,44.04,2987,55.96,60,1.11,544,46.94,615,53.06,10,0.86,1428,43.36,1865,56.64,31,0.93,2951,30.75,6645,69.25,46,0.48
205,Chisholm,VIC,38202,50.8,37000,49.2,682,0.9,3354,62.92,1977,37.08,55,1.02,312,55.61,249,44.39,4,0.71,2745,53.34,2401,46.66,27,0.52,6306,42.67,8472,57.33,102,0.69
319,Clark,TAS,31867,59.09,22065,40.91,558,1.02,1690,58.4,1204,41.6,34,1.16,269,60.31,177,39.69,4,0.89,1854,67,913,33,13,0.47,3524,47.52,3892,52.48,49,0.66
112,Cook,NSW,30876,36.91,52772,63.09,940,1.11,1942,45.06,2368,54.94,46,1.06,312,42.98,414,57.02,11,1.49,1412,39.81,2135,60.19,19,0.53,3118,30.38,7145,69.62,56,0.54
320,Cooper,VIC,51753,66.6,25955,33.4,800,1.02,4484,72.02,1742,27.98,61,0.97,448,69.46,197,30.54,13,1.98,3222,72.39,1229,27.61,34,0.76,6146,53.95,5246,46.05,70,0.61
328,Corangamite,VIC,41548,49.06,43132,50.94,835,0.98,2736,54.88,2249,45.12,43,0.86,243,50.52,238,49.48,3,0.62,2565,50.06,2559,49.94,28,0.54,5475,38.63,8697,61.37,68,0.48
208,Corio,VIC,38286,46.19,44604,53.81,931,1.11,2390,54.84,1968,45.16,39,0.89,302,53.64,261,46.36,6,1.05,1877,51.3,1782,48.7,18,0.49,4811,39.42,7394,60.58,50,0.41
237,Cowan,WA,30750,37.08,52186,62.92,999,1.19,3195,46.83,3628,53.17,70,1.02,594,44.66,736,55.34,16,1.19,2433,40.97,3506,59.03,38,0.64,3023,31.51,6572,68.49,78,0.81
113,Cowper,NSW,34493,33.63,68060,66.37,1309,1.26,1340,43.3,1755,56.7,35,1.12,185,39.78,280,60.22,6,1.27,1830,39.96,2750,60.04,30,0.65,2529,31.45,5513,68.55,48,0.59
114,Cunningham,NSW,47599,52.27,43472,47.73,1111,1.21,1877,54.53,1565,45.47,30,0.86,300,54.64,249,45.36,9,1.61,2195,56.78,1671,43.22,23,0.59,3649,43.88,4667,56.12,37,0.44
238,Curtin,WA,44732,51.83,41565,48.17,683,0.79,3212,58.05,2321,41.95,42,0.75,527,60.57,343,39.43,10,1.14,2873,53.74,2473,46.26,27,0.5,4547,42.95,6039,57.05,71,0.67
158,Dawson,QLD,16432,19.65,67188,80.35,647,0.77,898,26.23,2526,73.77,22,0.64,196,26.96,531,73.04,6,0.82,1043,26.17,2942,73.83,23,0.57,1352,16.98,6610,83.02,40,0.5
209,Deakin,VIC,39198,49.88,39387,50.12,743,0.94,3065,55,2508,45,61,1.08,273,51.51,257,48.49,1,0.19,1982,48.41,2112,51.59,25,0.61,6695,39.56,10230,60.44,89,0.52
252,Dickson,QLD,27271,35.73,49058,64.27,676,0.88,2388,43.82,3062,56.18,44,0.8,286,36.76,492,63.24,13,1.64,1539,34.99,2860,65.01,16,0.36,5033,27,13611,73,85,0.45
115,Dobell,NSW,32032,35.47,58288,64.53,1148,1.26,1695,41.09,2430,58.91,52,1.24,296,38.95,464,61.05,4,0.52,1446,39.19,2244,60.81,26,0.7,2829,31.48,6159,68.52,37,0.41
210,Dunkley,VIC,35530,45.03,43377,54.97,849,1.06,2444,53.11,2158,46.89,53,1.14,277,48.68,292,51.32,6,1.04,1803,43.19,2372,56.81,25,0.6,4942,36.37,8645,63.63,76,0.56
312,Durack,WA,22741,28.47,57137,71.53,599,0.74,1534,33.42,3056,66.58,27,0.58,334,30.73,753,69.27,11,1,1914,30.23,4418,69.77,20,0.31,1423,17.09,6905,82.91,61,0.73
117,Eden-Monaro,NSW,36483,39.57,55712,60.43,972,1.04,910,47.37,1011,52.63,17,0.88,148,38.05,241,61.95,2,0.51,2632,48.68,2775,51.32,25,0.46,3150,34.9,5876,65.1,60,0.66
159,Fadden,QLD,22658,26.84,61764,73.16,861,1.01,1663,34.36,3177,65.64,55,1.12,279,30.83,626,69.17,8,0.88,1377,30.7,3109,69.3,35,0.77,3925,21.12,14661,78.88,390,2.06
160,Fairfax,QLD,31302,34.9,58378,65.1,874,0.97,2085,42.05,2873,57.95,50,1,352,37.73,581,62.27,11,1.17,1934,37.64,3204,62.36,33,0.64,3340,28.4,8420,71.6,52,0.44
118,Farrer,NSW,23376,24.94,70335,75.06,938,0.99,452,35.67,815,64.33,11,0.86,78,27.18,209,72.82,3,1.03,1825,29.91,4276,70.09,31,0.51,2016,20.95,7607,79.05,28,0.29
102,Fenner,ACT,46771,57.72,34265,42.28,651,0.8,1287,64.32,714,35.68,19,0.94,392,64.9,212,35.1,5,0.82,2163,59.92,1447,40.08,18,0.5,3178,49.69,3218,50.31,36,0.56
161,Fisher,QLD,28510,31.9,60851,68.1,1008,1.12,1939,38.53,3093,61.47,49,0.96,269,33.17,542,66.83,11,1.34,1673,34.12,3230,65.88,34,0.69,4118,25.39,12098,74.61,73,0.45
211,Flinders,VIC,36233,43.12,47794,56.88,896,1.06,1948,53.24,1711,46.76,26,0.71,150,40.76,218,59.24,5,1.34,2420,43.45,3150,56.55,37,0.66,4233,35.69,7626,64.31,73,0.61
311,Flynn,QLD,13247,16.55,66796,83.45,559,0.69,955,22.4,3308,77.6,27,0.63,141,18.65,615,81.35,3,0.4,782,19.83,3162,80.17,14,0.35,1329,11.02,10736,88.98,28,0.23
162,Forde,QLD,21437,28.71,53229,71.29,840,1.11,2293,35.26,4211,64.74,50,0.76,413,34.62,780,65.38,10,0.83,1428,29.34,3439,70.66,24,0.49,4404,22.97,14772,77.03,288,1.48
239,Forrest,WA,26903,30.78,60515,69.22,871,0.99,1618,42.07,2228,57.93,32,0.83,230,40.14,343,59.86,1,0.17,1408,35.85,2520,64.15,27,0.68,2172,25.43,6368,74.57,42,0.49
119,Fowler,NSW,32469,40.24,48217,59.76,1604,1.95,1915,41.95,2650,58.05,58,1.25,386,42.19,529,57.81,14,1.51,1127,43.45,1467,56.55,24,0.92,2787,33.22,5603,66.78,43,0.51
195,Franklin,TAS,31522,51.33,29885,48.67,656,1.06,1568,57.18,1174,42.82,24,0.87,212,48.62,224,51.38,2,0.46,1459,55.08,1190,44.92,14,0.53,3506,41.88,4866,58.12,61,0.72
321,Fraser,VIC,42293,57.36,31435,42.64,848,1.14,3225,62.2,1960,37.8,49,0.94,622,61.77,385,38.23,10,0.98,3540,62.6,2115,37.4,46,0.81,6374,50.17,6331,49.83,84,0.66
240,Fremantle,WA,39604,47.59,43607,52.41,827,0.98,3176,51.63,2976,48.37,59,0.95,382,56.43,295,43.57,6,0.88,3458,48.54,3666,51.46,47,0.66,3329,36.48,5797,63.52,49,0.53
212,Gellibrand,VIC,43414,53.84,37220,46.16,784,0.96,2031,58.03,1469,41.97,31,0.88,421,54.75,348,45.25,12,1.54,1829,49.99,1830,50.01,21,0.57,5222,42.78,6985,57.22,62,0.51
120,Gilmore,NSW,38309,38.35,61580,61.65,1028,1.02,1300,48.26,1394,51.74,27,0.99,149,41.97,206,58.03,5,1.39,2646,45.94,3114,54.06,28,0.48,3107,33.97,6038,66.03,47,0.51
213,Gippsland,VIC,25020,27.22,66906,72.78,850,0.92,964,45.51,1154,54.49,23,1.07,110,30.81,247,69.19,3,0.83,1497,34.44,2850,65.56,19,0.44,2044,27.72,5331,72.28,49,0.66
214,Goldstein,VIC,45626,56.9,34560,43.1,664,0.82,3231,65.76,1682,34.24,43,0.87,351,61.58,219,38.42,2,0.35,2684,61.39,1688,38.61,39,0.88,6050,46.06,7086,53.94,73,0.55
309,Gorton,VIC,32030,39.35,49360,60.65,1002,1.22,2622,50.41,2579,49.59,51,0.97,500,46.04,586,53.96,8,0.73,1512,39.75,2292,60.25,23,0.6,4944,32.89,10086,67.11,103,0.68
121,Grayndler,NSW,61733,75.01,20566,24.99,674,0.81,3815,75.01,1271,24.99,56,1.09,559,78.51,153,21.49,5,0.7,4175,79.36,1086,20.64,17,0.32,5256,67.05,2583,32.95,50,0.63
122,Greenway,NSW,40431,43.67,52151,56.33,1059,1.13,2691,47.01,3033,52.99,63,1.09,501,50.61,489,49.39,18,1.79,1680,44.13,2127,55.87,20,0.52,3468,33.54,6871,66.46,47,0.45
183,Grey,SA,18887,20.53,73106,79.47,791,0.85,1239,32.83,2535,67.17,43,1.13,182,22.69,620,77.31,4,0.5,1137,25.3,3357,74.7,25,0.55,1932,15.31,10687,84.69,77,0.61
163,Griffith,QLD,46172,57.56,34044,42.44,671,0.83,4348,59.69,2936,40.31,59,0.8,619,57.53,457,42.47,10,0.92,3537,56.4,2734,43.6,33,0.52,6452,45.2,7823,54.8,189,1.31
164,Groom,QLD,19492,24.8,59118,75.2,580,0.73,910,30.04,2119,69.96,22,0.72,166,31.26,365,68.74,6,1.12,1032,27.88,2669,72.12,22,0.59,3294,17.09,15982,82.91,81,0.42
305,Hasluck,WA,29410,34.61,55555,65.39,698,0.81,2913,43.52,3781,56.48,50,0.74,361,40.61,528,59.39,8,0.89,2032,37.9,3329,62.1,40,0.74,2960,29.06,7226,70.94,60,0.59
326,Hawke,VIC,28385,36.24,49945,63.76,873,1.1,1720,42.53,2324,57.47,39,0.96,370,48.18,398,51.82,6,0.78,1377,36.14,2433,63.86,24,0.63,3629,29.03,8873,70.97,88,0.7
165,Herbert,QLD,20116,24.75,61166,75.25,626,0.76,982,32.58,2032,67.42,17,0.56,207,30.85,464,69.15,11,1.61,1252,28.17,3192,71.83,21,0.47,2364,18.05,10732,81.95,66,0.5
215,Higgins,VIC,44694,61.64,27809,38.36,582,0.8,4804,68.48,2211,31.52,54,0.76,460,65.81,239,34.19,6,0.85,3928,65.71,2050,34.29,29,0.48,6903,52.18,6325,47.82,78,0.59
185,Hindmarsh,SA,36037,39.01,56352,60.99,1085,1.16,2395,45.71,2844,54.29,72,1.36,430,43.79,552,56.21,11,1.11,1871,43.29,2451,56.71,20,0.46,4574,30.62,10366,69.38,88,0.59
166,Hinkler,QLD,17871,19.49,73838,80.51,670,0.73,645,25.7,1865,74.3,19,0.75,129,28.1,330,71.9,7,1.5,908,21.82,3253,78.18,16,0.38,1982,17.72,9202,82.28,50,0.45
216,Holt,VIC,34089,43.99,43399,56.01,859,1.1,2855,49.62,2899,50.38,42,0.72,580,50.7,564,49.3,10,0.87,1711,39.95,2572,60.05,27,0.63,3944,33.44,7849,66.56,70,0.59
217,Hotham,VIC,40171,50.14,39947,49.86,992,1.22,2982,58.11,2150,41.89,39,0.75,426,54.13,361,45.87,2,0.25,2186,53.67,1887,46.33,36,0.88,6217,43.58,8049,56.42,102,0.71
124,Hughes,NSW,35137,41.99,48547,58.01,828,0.98,1889,45.45,2267,54.55,47,1.12,233,43.31,305,56.69,4,0.74,1932,40.95,2786,59.05,30,0.63,2942,34.6,5562,65.4,34,0.4
125,Hume,NSW,25338,26.56,70079,73.44,879,0.91,1692,34.39,3228,65.61,50,1.01,163,24.29,508,75.71,8,1.18,1345,30.67,3041,69.33,17,0.39,2444,21.68,8831,78.32,50,0.44
126,Hunter,NSW,29276,28.85,72195,71.15,1130,1.1,1750,36.53,3041,63.47,62,1.28,259,30.72,584,69.28,8,0.94,1238,31.62,2677,68.38,21,0.53,2438,26.64,6712,73.36,41,0.45
218,Indi,VIC,29555,32.78,60597,67.22,828,0.91,1281,51.9,1187,48.1,19,0.76,81,29.14,197,70.86,1,0.36,2365,39.11,3682,60.89,54,0.89,3007,28.21,7652,71.79,61,0.57
219,Isaacs,VIC,41868,51.46,39494,48.54,918,1.12,2734,56.71,2087,43.29,51,1.05,339,53.47,295,46.53,6,0.94,1998,50.93,1925,49.07,30,0.76,5515,42.46,7473,57.54,75,0.57
220,Jagajaga,VIC,46571,55.25,37713,44.75,864,1.01,3011,61.56,1880,38.44,58,1.17,318,58.35,227,41.65,4,0.73,2566,57.51,1896,42.49,26,0.58,5604,46.32,6494,53.68,72,0.59
167,Kennedy,QLD,16700,19.75,67842,80.25,575,0.68,1108,29.9,2598,70.1,40,1.07,316,34.92,589,65.08,6,0.66,1401,35.22,2577,64.78,19,0.48,1172,13.54,7484,86.46,29,0.33
127,Kingsford Smith,NSW,46221,55.49,37072,44.51,980,1.16,2702,64.38,1495,35.62,31,0.73,390,62,239,38,11,1.72,2731,62.32,1651,37.68,18,0.41,4343,49.09,4504,50.91,42,0.47
186,Kingston,SA,32601,36.34,57105,63.66,1069,1.18,2147,44.09,2723,55.91,39,0.79,284,40.57,416,59.43,7,0.99,1503,35.01,2790,64.99,27,0.63,4050,28.77,10026,71.23,77,0.54
221,Kooyong,VIC,48046,60.67,31143,39.33,580,0.73,4337,68.23,2019,31.77,48,0.75,384,63.16,224,36.84,7,1.14,3486,61.58,2175,38.42,22,0.39,7000,50.46,6872,49.54,82,0.59
223,La Trobe,VIC,30867,39.29,47691,60.71,771,0.97,2422,47.57,2669,52.43,36,0.7,371,45.41,446,54.59,5,0.61,1777,39.96,2670,60.04,22,0.49,4479,30.28,10311,69.72,78,0.52
222,Lalor,VIC,39100,47.52,43187,52.48,865,1.04,2718,56.59,2085,43.41,40,0.83,714,62.41,430,37.59,8,0.69,1472,45.73,1747,54.27,25,0.77,4120,36.85,7059,63.15,72,0.64
168,Leichhardt,QLD,28628,35.11,52904,64.89,730,0.89,1008,40.79,1463,59.21,19,0.76,323,45.24,391,54.76,6,0.83,1681,38.78,2654,61.22,20,0.46,2539,24.96,7632,75.04,52,0.51
169,Lilley,QLD,37269,47.52,41152,52.48,674,0.85,3040,50.72,2954,49.28,53,0.88,472,51.81,439,48.19,6,0.65,2067,46.38,2390,53.62,27,0.6,5607,39.27,8671,60.73,94,0.65
128,Lindsay,NSW,29884,31.27,65674,68.73,1218,1.26,1423,36.28,2499,63.72,34,0.86,344,37.07,584,62.93,16,1.69,1223,35.36,2236,64.64,22,0.63,2616,24.69,7981,75.31,46,0.43
306,Lingiari,NT,19870,45.02,24262,54.98,347,0.78,444,36.54,771,63.46,5,0.41,88,35.92,157,64.08,1,0.41,1466,38.46,2346,61.54,28,0.73,406,23.13,1349,76.87,4,0.23
302,Longman,QLD,22435,25.1,66946,74.9,934,1.03,1496,32.91,3050,67.09,36,0.79,268,28.27,680,71.73,9,0.94,1391,26.44,3870,73.56,30,0.57,3771,19.94,15145,80.06,90,0.47
130,Lyne,NSW,26017,26.1,73649,73.9,937,0.93,1495,37.22,2522,62.78,54,1.33,139,26.68,382,73.32,2,0.38,1311,33.01,2660,66.99,26,0.65,2055,23.05,6862,76.95,36,0.4
196,Lyons,TAS,20372,32.63,42060,67.37,820,1.3,1665,37.58,2765,62.42,54,1.2,227,31.84,486,68.16,12,1.66,988,43.68,1274,56.32,9,0.4,2542,27.3,6770,72.7,52,0.56
131,Macarthur,NSW,36421,35.17,67143,64.83,1436,1.37,1965,37.98,3209,62.02,70,1.33,567,39.59,865,60.41,15,1.04,1808,37.57,3004,62.43,34,0.7,2858,28.43,7194,71.57,52,0.51
132,Mackellar,NSW,43454,51.03,41697,48.97,938,1.09,2507,59.2,1728,40.8,44,1.03,302,57.74,221,42.26,7,1.32,2109,57.51,1558,42.49,22,0.6,3927,42.29,5358,57.71,38,0.41
322,Macnamara,VIC,44633,66.78,22199,33.22,624,0.93,5455,70.4,2294,29.6,67,0.86,535,65.4,283,34.6,10,1.21,4674,67.2,2281,32.8,39,0.56,8287,51.59,7776,48.41,119,0.74
133,Macquarie,NSW,37317,43.82,47846,56.18,897,1.04,1532,44.46,1914,55.54,38,1.09,198,46.26,230,53.74,12,2.73,1743,48.24,1870,51.76,18,0.5,3024,36.78,5198,63.22,39,0.47
187,Makin,SA,28258,32.4,58969,67.6,962,1.09,2349,39.82,3550,60.18,52,0.87,392,39.96,589,60.04,13,1.31,1354,34.98,2517,65.02,23,0.59,3530,25.69,10209,74.31,97,0.7
224,Mallee,VIC,19517,21.19,72575,78.81,722,0.78,976,38.73,1544,61.27,24,0.94,117,31.88,250,68.12,3,0.81,1355,28.63,3378,71.37,20,0.42,1936,18.51,8526,81.49,67,0.64
170,Maranoa,QLD,12070,15.75,64578,84.25,479,0.62,826,23.8,2645,76.2,11,0.32,107,17.07,520,82.93,3,0.48,950,19.75,3861,80.25,14,0.29,1641,10.38,14164,89.62,56,0.35
225,Maribyrnong,VIC,38917,51.94,36006,48.06,815,1.08,3031,63.44,1747,36.56,44,0.91,378,56.5,291,43.5,7,1.04,2970,52.22,2717,47.78,38,0.66,6378,43.43,8309,56.57,105,0.71
188,Mayo,SA,40290,40.45,59311,59.55,1041,1.03,2485,48.31,2659,51.69,49,0.94,448,43.84,574,56.16,10,0.97,2362,41.8,3289,58.2,36,0.63,4410,33.85,8617,66.15,81,0.62
226,McEwen,VIC,31474,40.7,45865,59.3,753,0.96,3604,48.91,3765,51.09,58,0.78,275,43.1,363,56.9,6,0.93,2168,43.55,2810,56.45,35,0.7,4747,30.46,10836,69.54,89,0.57
315,McMahon,NSW,26638,34.41,50784,65.59,1555,1.97,2043,38.53,3259,61.47,81,1.5,375,37.13,635,62.87,21,2.04,1250,38.97,1958,61.03,32,0.99,2723,27.55,7160,72.45,39,0.39
171,McPherson,QLD,28284,35.19,52096,64.81,1047,1.29,1435,41.24,2045,58.76,30,0.85,277,41.04,398,58.96,10,1.46,2411,43.11,3182,56.89,41,0.73,3394,28.48,8525,71.52,137,1.14
228,Melbourne,VIC,52933,78.89,14162,21.11,504,0.75,7546,78.25,2097,21.75,66,0.68,651,77.96,184,22.04,9,1.07,7887,76.58,2412,23.42,63,0.61,8724,68.06,4094,31.94,56,0.43
229,Menzies,VIC,35483,45.63,42284,54.37,797,1.01,2937,55.95,2312,44.05,59,1.11,228,47.5,252,52.5,8,1.64,2160,47.93,2347,52.07,31,0.68,6012,38.27,9696,61.73,107,0.68
134,Mitchell,NSW,38465,41.36,54541,58.64,817,0.87,2881,47.37,3201,52.63,61,0.99,355,46.53,408,53.47,8,1.04,1722,44.84,2118,55.16,20,0.52,4494,31.82,9629,68.18,77,0.54
323,Monash,VIC,29237,33.93,56934,66.07,866,0.99,1563,45.5,1872,54.5,30,0.87,176,38.01,287,61.99,6,1.28,1999,39.23,3097,60.77,54,1.05,2909,31.13,6435,68.87,60,0.64
172,Moncrieff,QLD,23891,31.1,52919,68.9,887,1.14,2004,39.46,3074,60.54,45,0.88,345,38.46,552,61.54,14,1.54,1797,37.11,3046,62.89,32,0.66,4001,24.43,12376,75.57,161,0.97
242,Moore,WA,33203,38.37,53327,61.63,736,0.84,2361,45.95,2777,54.05,49,0.94,287,40.88,415,59.12,5,0.71,2382,35.41,4345,64.59,33,0.49,3230,29.97,7549,70.03,57,0.53
173,Moreton,QLD,35590,50.19,35315,49.81,732,1.02,3418,56.62,2619,43.38,35,0.58,505,55.43,406,44.57,5,0.55,1863,53.4,1626,46.6,19,0.54,5585,40.23,8297,59.77,180,1.28
135,New England,NSW,22517,24.56,69167,75.44,837,0.9,873,32.14,1843,67.86,20,0.73,138,27.94,356,72.06,5,1,1152,30.79,2590,69.21,10,0.27,1478,20.06,5890,79.94,39,0.53
136,Newcastle,NSW,50627,54.31,42586,45.69,1058,1.12,2572,56.28,1998,43.72,56,1.21,405,57.45,300,42.55,6,0.84,2525,55.09,2058,44.91,23,0.5,4075,43.38,5318,56.62,56,0.59
324,Nicholls,VIC,21466,24.14,67474,75.86,819,0.91,1148,41.91,1591,58.09,25,0.9,109,31.23,240,68.77,8,2.24,1322,31.36,2894,68.64,34,0.8,1761,22.02,6238,77.98,34,0.42
137,North Sydney,NSW,48651,60.35,31969,39.65,732,0.9,3121,64.76,1698,35.24,42,0.86,408,59.13,282,40.87,9,1.29,3464,65.53,1822,34.47,19,0.36,6048,52.45,5483,47.55,49,0.42
243,O'Connor,WA,20899,24.31,65065,75.69,654,0.76,1510,33.16,3043,66.84,38,0.83,240,27.78,624,72.22,11,1.26,1475,28.56,3689,71.44,28,0.54,1813,19.29,7584,80.71,54,0.57
174,Oxley,QLD,32085,40.76,46634,59.24,855,1.07,2495,47.1,2802,52.9,49,0.92,545,48.53,578,51.47,9,0.8,1635,41.25,2329,58.75,27,0.68,4256,33.22,8556,66.78,106,0.82
138,Page,NSW,31795,32.64,65603,67.36,1131,1.15,1332,46.46,1535,53.54,29,1,251,39.47,385,60.53,10,1.55,1622,41.7,2268,58.3,22,0.56,2443,28.45,6145,71.55,38,0.44
139,Parkes,NSW,17547,21.13,65491,78.87,913,1.09,794,30.39,1819,69.61,21,0.8,232,32.18,489,67.82,7,0.96,1010,24.72,3076,75.28,18,0.44,1276,15.71,6848,84.29,35,0.43
140,Parramatta,NSW,32921,46.18,38369,53.82,1044,1.44,3083,48.67,3252,51.33,65,1.02,582,48.5,618,51.5,16,1.32,1719,48.3,1840,51.7,17,0.48,4429,37.45,7397,62.55,70,0.59
249,Paterson,NSW,31679,29.77,74733,70.23,1206,1.12,1679,38.93,2634,61.07,43,0.99,223,32.99,453,67.01,3,0.44,1200,32.22,2524,67.78,19,0.51,2462,27.33,6547,72.67,62,0.68
244,Pearce,WA,26301,31.34,57631,68.66,763,0.9,2106,39.02,3291,60.98,50,0.92,295,37.11,500,62.89,12,1.49,1314,33.96,2555,66.04,19,0.49,2392,25.11,7134,74.89,50,0.52
245,Perth,WA,45392,54.36,38107,45.64,802,0.95,4090,57.14,3068,42.86,74,1.02,727,58.11,524,41.89,7,0.56,3238,54.22,2734,45.78,49,0.81,4503,44.69,5572,55.31,63,0.62
175,Petrie,QLD,28923,34.09,55920,65.91,771,0.9,2557,41.87,3550,58.13,68,1.1,292,38.68,463,61.32,9,1.18,1294,33.7,2546,66.3,21,0.54,4762,25.74,13735,74.26,65,0.35
176,Rankin,QLD,25129,36.32,44055,63.68,838,1.2,2044,41.93,2831,58.07,36,0.73,457,41.77,637,58.23,8,0.73,1377,36.37,2409,63.63,20,0.53,3828,26.99,10356,73.01,148,1.03
144,Reid,NSW,41765,51.3,39646,48.7,875,1.06,2865,55.5,2297,44.5,57,1.09,403,52.07,371,47.93,6,0.77,2678,52.71,2403,47.29,31,0.61,4948,42.63,6658,57.37,57,0.49
145,Richmond,NSW,41020,43.85,52526,56.15,1368,1.44,1178,55.23,955,44.77,24,1.11,181,47.14,203,52.86,7,1.79,2742,51.22,2611,48.78,49,0.91,2946,36.83,5053,63.17,43,0.53
250,Riverina,NSW,23007,24.57,70633,75.43,930,0.98,813,32.73,1671,67.27,29,1.15,108,34.18,208,65.82,5,1.56,1316,32.37,2750,67.63,22,0.54,1566,22.13,5510,77.87,43,0.6
146,Robertson,NSW,36887,43.55,47817,56.45,955,1.11,2084,49,2169,51,62,1.44,183,44.74,226,55.26,8,1.92,1944,47.09,2184,52.91,30,0.72,3481,37.5,5801,62.5,47,0.5
177,Ryan,QLD,42279,53.71,36442,46.29,534,0.67,3554,59.04,2466,40.96,45,0.74,410,58.24,294,41.76,6,0.85,2571,54.39,2156,45.61,22,0.46,5652,42.92,7517,57.08,70,0.53
232,Scullin,VIC,29081,38.17,47113,61.83,1189,1.54,2410,48.72,2537,51.28,45,0.9,425,49.42,435,50.58,14,1.6,1316,41.84,1829,58.16,18,0.57,4254,32.14,8982,67.86,77,0.58
148,Shortland,NSW,34292,38.55,54652,61.45,1064,1.18,2143,45.23,2595,54.77,63,1.31,253,40.42,373,59.58,6,0.95,1469,39.2,2278,60.8,27,0.72,3306,33.2,6653,66.8,52,0.52
307,Solomon,NT,17398,35.5,31613,64.5,408,0.83,210,44.59,261,55.41,0,0,139,37.98,227,62.02,1,0.27,2160,45.61,2576,54.39,22,0.46,895,32.4,1867,67.6,4,0.14
325,Spence,SA,25750,28.34,65122,71.66,1088,1.18,1830,31.7,3942,68.3,51,0.88,499,34.01,968,65.99,11,0.74,1098,29.33,2645,70.67,23,0.61,3126,21.63,11323,78.37,66,0.45
190,Sturt,SA,38767,43.78,49774,56.22,857,0.96,3306,51.34,3134,48.66,75,1.15,390,45.14,474,54.86,7,0.8,2251,48.21,2418,51.79,33,0.7,6229,34.15,12010,65.85,107,0.58
247,Swan,WA,34313,43.05,45391,56.95,669,0.83,3508,49.47,3583,50.53,53,0.74,610,47.99,661,52.01,7,0.55,2625,44.28,3303,55.72,40,0.67,3757,34.7,7071,65.3,59,0.54
149,Sydney,NSW,55522,71.36,22282,28.64,742,0.94,5048,73.04,1863,26.96,71,1.02,719,73.22,263,26.78,11,1.11,5112,71.45,2043,28.55,35,0.49,6932,65.51,3649,34.49,30,0.28
248,Tangney,WA,36681,41.68,51319,58.32,685,0.77,2956,51.94,2735,48.06,38,0.66,358,49.24,369,50.76,10,1.36,2232,43.16,2939,56.84,28,0.54,3646,31.91,7781,68.09,59,0.51
233,Wannon,VIC,28510,31.6,61699,68.4,896,0.98,1555,52.2,1424,47.8,24,0.8,160,41.45,226,58.55,2,0.52,1803,41.84,2506,58.16,27,0.62,2987,29.19,7247,70.81,61,0.59
151,Warringah,NSW,46687,59.51,31771,40.49,718,0.91,2783,66.34,1412,33.66,45,1.06,272,62.1,166,37.9,2,0.45,3153,65.74,1643,34.26,26,0.54,4452,52.83,3975,47.17,45,0.53
251,Watson,NSW,31598,41.99,43653,58.01,1843,2.39,2610,47.83,2847,52.17,91,1.64,381,44.72,471,55.28,12,1.39,1558,49.12,1614,50.88,30,0.94,3343,36.45,5829,63.55,67,0.73
152,Wentworth,NSW,44976,62.71,26740,37.29,723,1,2708,71.98,1054,28.02,37,0.97,392,67.01,193,32.99,4,0.68,3700,71.39,1483,28.61,22,0.42,4956,52.39,4503,47.61,54,0.57
153,Werriwa,NSW,34667,37.24,58415,62.76,1718,1.81,2145,38.92,3367,61.08,90,1.61,449,39.88,677,60.12,12,1.05,1276,38.34,2052,61.66,17,0.51,3404,30.95,7596,69.05,78,0.7
150,Whitlam,NSW,35889,35.56,65042,64.44,1281,1.25,1602,43.54,2077,56.46,47,1.26,242,38.41,388,61.59,11,1.72,1487,41.68,2081,58.32,25,0.7,2822,33.21,5676,66.79,35,0.41
178,Wide Bay,QLD,21402,25.31,63171,74.69,763,0.89,1102,32.65,2273,67.35,27,0.79,175,30.17,405,69.83,6,1.02,1606,28.51,4027,71.49,22,0.39,2394,20.37,9361,79.63,47,0.4
234,Wills,VIC,48552,66.1,24902,33.9,959,1.29,4205,71.82,1650,28.18,47,0.8,427,64.7,233,35.3,12,1.79,3894,69.96,1672,30.04,38,0.68,6695,52.49,6060,47.51,68,0.53
316,Wright,QLD,18371,22.61,62884,77.39,752,0.92,2143,30.81,4812,69.19,53,0.76,266,26.1,753,73.9,15,1.45,1690,26.74,4630,73.26,26,0.41,3710,18.59,16249,81.41,113,0.56
